{
	"variants": {
		"": [
			{
				"model": "afc:block/wood/twig/eucalyptus"
			},
			{
				"model": "afc:block/wood/twig/eucalyptus",
				"y": 90
			},
			{
				"model": "afc:block/wood/twig/eucalyptus",
				"y": 180
			},
			{
				"model": "afc:block/wood/twig/eucalyptus",
				"y": 270
			},
			{
				"model": "afc:block/wood/twig/45/eucalyptus"
			},
			{
				"model": "afc:block/wood/twig/45/eucalyptus",
				"y": 90
			},
			{
				"model": "afc:block/wood/twig/45/eucalyptus",
				"y": 180
			},
			{
				"model": "afc:block/wood/twig/45/eucalyptus",
				"y": 270
			}
		]
	}
}