{
	"variants": {
		"": [
			{
				"model": "afc:block/wood/twig/ipe"
			},
			{
				"model": "afc:block/wood/twig/ipe",
				"y": 90
			},
			{
				"model": "afc:block/wood/twig/ipe",
				"y": 180
			},
			{
				"model": "afc:block/wood/twig/ipe",
				"y": 270
			},
			{
				"model": "afc:block/wood/twig/45/ipe"
			},
			{
				"model": "afc:block/wood/twig/45/ipe",
				"y": 90
			},
			{
				"model": "afc:block/wood/twig/45/ipe",
				"y": 180
			},
			{
				"model": "afc:block/wood/twig/45/ipe",
				"y": 270
			}
		]
	}
}