{
	"variants": {
		"": [
			{
				"model": "afc:block/wood/twig/rainbow_eucalyptus"
			},
			{
				"model": "afc:block/wood/twig/rainbow_eucalyptus",
				"y": 90
			},
			{
				"model": "afc:block/wood/twig/rainbow_eucalyptus",
				"y": 180
			},
			{
				"model": "afc:block/wood/twig/rainbow_eucalyptus",
				"y": 270
			},
			{
				"model": "afc:block/wood/twig/45/rainbow_eucalyptus"
			},
			{
				"model": "afc:block/wood/twig/45/rainbow_eucalyptus",
				"y": 90
			},
			{
				"model": "afc:block/wood/twig/45/rainbow_eucalyptus",
				"y": 180
			},
			{
				"model": "afc:block/wood/twig/45/rainbow_eucalyptus",
				"y": 270
			}
		]
	}
}