{
  "credit": "Made by Vexxel#9727 with Blockbench || https://github.com/Vexxel || \u7a62 Vexxel. All rights reserved.",
  "textures": {
    "particle": "tfc:block/groundcover/ore/small_native_gold",
    "texture": "tfc:block/groundcover/ore/small_native_gold",
    "alert": "tfc:block/alert_ore"
  },
  "elements": [
    {
      "from": [
        6,
        0,
        8
      ],
      "to": [
        9,
        1,
        11
      ],
      "rotation": {
        "angle": 22.5,
        "axis": "y",
        "origin": [
          8,
          0,
          9
        ]
      },
      "faces": {
        "north": {
          "uv": [
            5,
            7,
            8,
            8
          ],
          "texture": "#texture"
        },
        "east": {
          "uv": [
            10,
            7,
            13,
            8
          ],
          "texture": "#texture"
        },
        "south": {
          "uv": [
            5,
            7,
            8,
            8
          ],
          "texture": "#texture"
        },
        "west": {
          "uv": [
            5,
            6,
            8,
            7
          ],
          "texture": "#texture"
        },
        "up": {
          "uv": [
            6,
            6,
            9,
            9
          ],
          "rotation": 270,
          "texture": "#texture"
        },
        "down": {
          "uv": [
            7,
            4,
            10,
            7
          ],
          "rotation": 90,
          "texture": "#texture",
          "cullface": "down"
        }
      }
    },
    {
      "from": [
        9,
        0,
        8
      ],
      "to": [
        10,
        1,
        10
      ],
      "rotation": {
        "angle": 22.5,
        "axis": "y",
        "origin": [
          8,
          0,
          9
        ]
      },
      "faces": {
        "north": {
          "uv": [
            14,
            10,
            15,
            11
          ],
          "texture": "#texture"
        },
        "east": {
          "uv": [
            13,
            11,
            15,
            12
          ],
          "texture": "#texture"
        },
        "south": {
          "uv": [
            5,
            7,
            6,
            8
          ],
          "texture": "#texture"
        },
        "up": {
          "uv": [
            7,
            5,
            8,
            7
          ],
          "texture": "#texture"
        },
        "down": {
          "uv": [
            6,
            5,
            7,
            7
          ],
          "texture": "#texture",
          "cullface": "down"
        }
      }
    },
    {
      "from": [
        7,
        0,
        7
      ],
      "to": [
        9,
        1,
        8
      ],
      "rotation": {
        "angle": 22.5,
        "axis": "y",
        "origin": [
          8,
          0,
          9
        ]
      },
      "faces": {
        "north": {
          "uv": [
            5,
            7,
            7,
            8
          ],
          "texture": "#texture"
        },
        "east": {
          "uv": [
            6,
            7,
            7,
            8
          ],
          "texture": "#texture"
        },
        "west": {
          "uv": [
            7,
            6,
            8,
            7
          ],
          "texture": "#texture"
        },
        "up": {
          "uv": [
            5,
            6,
            7,
            7
          ],
          "texture": "#texture"
        },
        "down": {
          "uv": [
            6,
            5,
            8,
            6
          ],
          "texture": "#texture",
          "cullface": "down"
        }
      }
    },
    {
      "from": [
        5,
        0,
        8
      ],
      "to": [
        6,
        1,
        10
      ],
      "rotation": {
        "angle": 22.5,
        "axis": "y",
        "origin": [
          8,
          0,
          9
        ]
      },
      "faces": {
        "north": {
          "uv": [
            8,
            9,
            9,
            10
          ],
          "texture": "#texture"
        },
        "south": {
          "uv": [
            4,
            6,
            5,
            7
          ],
          "texture": "#texture"
        },
        "west": {
          "uv": [
            8,
            9,
            10,
            10
          ],
          "texture": "#texture"
        },
        "up": {
          "uv": [
            9,
            8,
            10,
            10
          ],
          "texture": "#texture"
        },
        "down": {
          "uv": [
            7,
            6,
            8,
            8
          ],
          "texture": "#texture",
          "cullface": "down"
        }
      }
    },
    {
      "from": [
        7,
        1,
        8
      ],
      "to": [
        9,
        2,
        10
      ],
      "rotation": {
        "angle": 22.5,
        "axis": "y",
        "origin": [
          8,
          0,
          9
        ]
      },
      "faces": {
        "north": {
          "uv": [
            7,
            10,
            9,
            11
          ],
          "texture": "#texture"
        },
        "east": {
          "uv": [
            8,
            8,
            10,
            9
          ],
          "texture": "#texture"
        },
        "south": {
          "uv": [
            7,
            7,
            9,
            8
          ],
          "texture": "#texture"
        },
        "west": {
          "uv": [
            7,
            6,
            9,
            7
          ],
          "texture": "#texture"
        },
        "up": {
          "uv": [
            5,
            8,
            7,
            10
          ],
          "texture": "#texture"
        }
      }
    },
    {
      "name": "alert",
      "from": [
        7,
        7,
        7
      ],
      "to": [
        9,
        9,
        9
      ],
      "shade": false,
      "rotation": {
        "angle": 0,
        "axis": "y",
        "origin": [
          15,
          23,
          15
        ]
      },
      "faces": {
        "north": {
          "uv": [
            2,
            0,
            4,
            2
          ],
          "texture": "#alert",
          "cullface": "up"
        },
        "east": {
          "uv": [
            2,
            0,
            4,
            2
          ],
          "texture": "#alert",
          "cullface": "up"
        },
        "south": {
          "uv": [
            2,
            0,
            4,
            2
          ],
          "texture": "#alert",
          "cullface": "up"
        },
        "west": {
          "uv": [
            2,
            0,
            4,
            2
          ],
          "texture": "#alert",
          "cullface": "up"
        },
        "up": {
          "uv": [
            2,
            0,
            4,
            2
          ],
          "texture": "#alert",
          "cullface": "up"
        },
        "down": {
          "uv": [
            2,
            0,
            4,
            2
          ],
          "texture": "#alert",
          "cullface": "up"
        }
      }
    },
    {
      "name": "alert",
      "from": [
        7,
        10,
        7
      ],
      "to": [
        9,
        15,
        9
      ],
      "shade": false,
      "rotation": {
        "angle": 0,
        "axis": "y",
        "origin": [
          15,
          27,
          15
        ]
      },
      "faces": {
        "north": {
          "uv": [
            0,
            0,
            2,
            5
          ],
          "texture": "#alert",
          "cullface": "up"
        },
        "east": {
          "uv": [
            0,
            0,
            2,
            5
          ],
          "texture": "#alert",
          "cullface": "up"
        },
        "south": {
          "uv": [
            0,
            0,
            2,
            5
          ],
          "texture": "#alert",
          "cullface": "up"
        },
        "west": {
          "uv": [
            0,
            0,
            2,
            5
          ],
          "texture": "#alert",
          "cullface": "up"
        },
        "up": {
          "uv": [
            2,
            0,
            4,
            2
          ],
          "texture": "#alert",
          "cullface": "up"
        },
        "down": {
          "uv": [
            2,
            0,
            4,
            2
          ],
          "texture": "#alert",
          "cullface": "up"
        }
      }
    },
    {
      "name": "alert",
      "from": [
        7,
        8.001,
        7
      ],
      "to": [
        9,
        10.001,
        9
      ],
      "shade": false,
      "rotation": {
        "angle": 0,
        "axis": "y",
        "origin": [
          15,
          24,
          15
        ]
      },
      "faces": {
        "north": {
          "uv": [
            6,
            0,
            8,
            2
          ],
          "texture": "#alert",
          "cullface": "up"
        },
        "east": {
          "uv": [
            6,
            0,
            8,
            2
          ],
          "texture": "#alert",
          "cullface": "up"
        },
        "south": {
          "uv": [
            6,
            0,
            8,
            2
          ],
          "texture": "#alert",
          "cullface": "up"
        },
        "west": {
          "uv": [
            6,
            0,
            8,
            2
          ],
          "texture": "#alert",
          "cullface": "up"
        },
        "up": {
          "uv": [
            6,
            0,
            8,
            2
          ],
          "texture": "#alert",
          "cullface": "up"
        },
        "down": {
          "uv": [
            6,
            0,
            8,
            2
          ],
          "texture": "#alert",
          "cullface": "up"
        }
      }
    },
    {
      "name": "alert",
      "from": [
        7,
        11,
        7
      ],
      "to": [
        9,
        16,
        9
      ],
      "shade": false,
      "rotation": {
        "angle": 0,
        "axis": "y",
        "origin": [
          15,
          28,
          15
        ]
      },
      "faces": {
        "north": {
          "uv": [
            4,
            0,
            6,
            5
          ],
          "texture": "#alert",
          "cullface": "up"
        },
        "east": {
          "uv": [
            4,
            0,
            6,
            5
          ],
          "texture": "#alert",
          "cullface": "up"
        },
        "south": {
          "uv": [
            4,
            0,
            6,
            5
          ],
          "texture": "#alert",
          "cullface": "up"
        },
        "west": {
          "uv": [
            4,
            0,
            6,
            5
          ],
          "texture": "#alert",
          "cullface": "up"
        },
        "up": {
          "uv": [
            6,
            0,
            8,
            2
          ],
          "texture": "#alert",
          "cullface": "up"
        },
        "down": {
          "uv": [
            6,
            0,
            8,
            2
          ],
          "texture": "#alert",
          "cullface": "up"
        }
      }
    }
  ]
}