{
	"credit": "Made with Blockbench",
	"ambientocclusion": false,
	"parent": "block/block",
	"textures": {
		"redstone_antenna": "create:block/redstone_antenna_powered",
		"particle": "create:block/redstone_bridge_powered",
		"redstone_bridge_side": "create:block/redstone_bridge_powered"
	},
	"elements": [
		{
			"name": "Body",
			"from": [3, -1, 1],
			"to": [13, 3, 15],
			"faces": {
				"north": {"uv": [7.5, 13, 12.5, 15], "texture": "#redstone_bridge_side"},
				"east": {"uv": [12.5, 6, 14.5, 13], "rotation": 90, "texture": "#redstone_bridge_side"},
				"south": {"uv": [7.5, 13, 12.5, 15], "texture": "#redstone_bridge_side"},
				"west": {"uv": [12.5, 6, 14.5, 13], "rotation": 90, "texture": "#redstone_bridge_side"},
				"up": {"uv": [7.5, 6, 12.5, 13], "texture": "#redstone_bridge_side"},
				"down": {"uv": [0, 0, 5, 7], "texture": "#redstone_bridge_side"}
			}
		},
		{
			"name": "Dish",
			"from": [2, 1, -1],
			"to": [7, 6, -1],
			"faces": {
				"north": {"uv": [4, 0, 9, 5], "texture": "#redstone_antenna"},
				"south": {"uv": [4, 0, 9, 5], "texture": "#redstone_antenna"}
			}
		},
		{
			"from": [6, 2.5, 3.5],
			"to": [10, 3.5, 7.5],
			"faces": {
				"north": {"uv": [11, 2, 13, 2.5], "texture": "#redstone_bridge_side"},
				"east": {"uv": [11, 2, 13, 2.5], "texture": "#redstone_bridge_side"},
				"south": {"uv": [11, 2, 13, 2.5], "texture": "#redstone_bridge_side"},
				"west": {"uv": [11, 2, 13, 2.5], "texture": "#redstone_bridge_side"},
				"up": {"uv": [11, 0, 13, 2], "texture": "#redstone_bridge_side"}
			}
		},
		{
			"from": [6, 2.5, 8.5],
			"to": [10, 3.5, 12.5],
			"faces": {
				"north": {"uv": [11, 2, 13, 2.5], "texture": "#redstone_bridge_side"},
				"east": {"uv": [11, 2, 13, 2.5], "texture": "#redstone_bridge_side"},
				"south": {"uv": [11, 2, 13, 2.5], "texture": "#redstone_bridge_side"},
				"west": {"uv": [11, 2, 13, 2.5], "texture": "#redstone_bridge_side"},
				"up": {"uv": [13, 0, 15, 2], "texture": "#redstone_bridge_side"}
			}
		},
		{
			"from": [5.5, 2.5, -4.5],
			"to": [3.5, 4.5, -2.5],
			"shade": false,
			"rotation": {"angle": 0, "axis": "y", "origin": [-6, -2, -15]},
			"faces": {
				"north": {"uv": [0, 0, 1, 1], "texture": "#redstone_antenna"},
				"east": {"uv": [0, 0, 1, 1], "texture": "#redstone_antenna"},
				"south": {"uv": [0, 0, 1, 1], "texture": "#redstone_antenna"},
				"west": {"uv": [0, 0, 1, 1], "texture": "#redstone_antenna"},
				"up": {"uv": [0, 0, 1, 1], "texture": "#redstone_antenna"},
				"down": {"uv": [0, 0, 1, 1], "texture": "#redstone_antenna"}
			}
		},
		{
			"from": [4, 3, -4],
			"to": [5, 4, 5],
			"shade": false,
			"rotation": {"angle": 0, "axis": "y", "origin": [-6, 1, -15]},
			"faces": {
				"north": {"uv": [1, 1, 2, 2], "rotation": 270, "texture": "#redstone_antenna"},
				"east": {"uv": [1, 1, 2, 10], "rotation": 90, "texture": "#redstone_antenna"},
				"south": {"uv": [1, 9, 2, 10], "texture": "#redstone_antenna"},
				"west": {"uv": [1, 1, 2, 10], "rotation": 270, "texture": "#redstone_antenna"},
				"up": {"uv": [1, 1, 2, 10], "texture": "#redstone_antenna"},
				"down": {"uv": [1, 1, 2, 10], "rotation": 180, "texture": "#redstone_antenna"}
			}
		}
	],
	"groups": [
		0,
		1,
		2,
		3,
		{
			"name": "Torch",
			"origin": [-9, -1, -7],
			"color": 0,
			"children": [4, 5]
		}
	]
}