{
	"credit": "Made with Blockbench",
	"ambientocclusion": false,
	"parent": "block/block",
	"textures": {
		"3": "create_connected:block/electron_tube_small",
		"4": "create:block/diodes/brass_diode_base",
		"particle": "create:block/diodes/brass_diode_base",
		"torch": "block/redstone_torch_off",
		"1_top": "create_connected:block/sequenced_pulse_generator_off"
	},
	"elements": [
		{
			"name": "Top",
			"from": [4, 2.1, 4],
			"to": [12, 3.1, 12],
			"rotation": {"angle": 0, "axis": "y", "origin": [8, 8, 7]},
			"faces": {
				"north": {"uv": [4, 11, 12, 12], "texture": "#1_top"},
				"east": {"uv": [3, 12, 4, 4], "rotation": 90, "texture": "#1_top"},
				"south": {"uv": [4, 4, 12, 5], "rotation": 180, "texture": "#1_top"},
				"west": {"uv": [12, 4, 13, 12], "rotation": 90, "texture": "#1_top"},
				"up": {"uv": [4, 4, 12, 12], "rotation": 180, "texture": "#1_top"}
			}
		},
		{
			"name": "circuit",
			"from": [0, 0, 0],
			"to": [16, 2, 16],
			"rotation": {"angle": 0, "axis": "y", "origin": [8, 8, 7]},
			"faces": {
				"north": {"uv": [0, 0, 16, 2], "rotation": 180, "texture": "#4"},
				"east": {"uv": [14, 0, 16, 16], "rotation": 90, "texture": "#4"},
				"south": {"uv": [0, 14, 16, 16], "texture": "#4"},
				"west": {"uv": [0, 0, 2, 16], "rotation": 270, "texture": "#4"},
				"up": {"uv": [0, 0, 16, 16], "rotation": 180, "texture": "#1_top"},
				"down": {"uv": [0, 0, 16, 16], "rotation": 180, "texture": "#4"}
			}
		},
		{
			"from": [9.5, 4.5, 12.5],
			"to": [6.5, 7.5, 15.5],
			"shade": false,
			"rotation": {"angle": 0, "axis": "y", "origin": [-3, 0, 2]},
			"faces": {
				"north": {"uv": [6, 5, 7, 6], "texture": "#torch"},
				"east": {"uv": [6, 5, 7, 6], "texture": "#torch"},
				"south": {"uv": [6, 5, 7, 6], "texture": "#torch"},
				"west": {"uv": [6, 5, 7, 6], "texture": "#torch"},
				"up": {"uv": [6, 5, 7, 6], "texture": "#torch"},
				"down": {"uv": [6, 5, 7, 6], "texture": "#torch"}
			}
		},
		{
			"from": [7, 2, 13],
			"to": [9, 7, 15],
			"shade": false,
			"rotation": {"angle": 0, "axis": "y", "origin": [-3, 0, 2]},
			"faces": {
				"north": {"uv": [7, 6, 9, 11], "texture": "#torch"},
				"east": {"uv": [7, 6, 9, 11], "texture": "#torch"},
				"south": {"uv": [7, 6, 9, 11], "texture": "#torch"},
				"west": {"uv": [7, 6, 9, 11], "texture": "#torch"},
				"up": {"uv": [7, 6, 9, 8], "texture": "#torch"}
			}
		},
		{
			"from": [4.5, 3.5, 0.5],
			"to": [1.5, 7.5, 3.5],
			"shade": false,
			"rotation": {"angle": 0, "axis": "y", "origin": [-8, 0, -10]},
			"faces": {
				"north": {"uv": [7, 5, 8, 6], "texture": "#3"},
				"east": {"uv": [7, 5, 8, 6], "texture": "#3"},
				"south": {"uv": [7, 5, 7, 6], "texture": "#3"},
				"west": {"uv": [7, 5, 8, 6], "texture": "#3"},
				"up": {"uv": [7, 5, 8, 6], "texture": "#3"},
				"down": {"uv": [7, 5, 8, 6], "texture": "#3"}
			}
		},
		{
			"from": [2, 2, 1],
			"to": [4, 7, 3],
			"shade": false,
			"rotation": {"angle": 0, "axis": "y", "origin": [-8, 0, -10]},
			"faces": {
				"north": {"uv": [7, 6, 9, 11], "texture": "#3"},
				"east": {"uv": [7, 6, 9, 11], "texture": "#3"},
				"south": {"uv": [7, 6, 9, 11], "texture": "#3"},
				"west": {"uv": [7, 6, 9, 11], "texture": "#3"},
				"up": {"uv": [7, 6, 9, 8], "texture": "#3"}
			}
		},
		{
			"from": [14.5, 3.5, 0.5],
			"to": [11.5, 7.5, 3.5],
			"shade": false,
			"rotation": {"angle": 0, "axis": "y", "origin": [2, 0, -10]},
			"faces": {
				"north": {"uv": [7, 5, 8, 6], "texture": "#3"},
				"east": {"uv": [7, 5, 8, 6], "texture": "#3"},
				"south": {"uv": [7, 5, 7, 6], "texture": "#3"},
				"west": {"uv": [7, 5, 8, 6], "texture": "#3"},
				"up": {"uv": [7, 5, 8, 6], "texture": "#3"},
				"down": {"uv": [7, 5, 8, 6], "texture": "#3"}
			}
		},
		{
			"from": [12, 2, 1],
			"to": [14, 7, 3],
			"shade": false,
			"rotation": {"angle": 0, "axis": "y", "origin": [2, 0, -10]},
			"faces": {
				"north": {"uv": [7, 6, 9, 11], "texture": "#3"},
				"east": {"uv": [7, 6, 9, 11], "texture": "#3"},
				"south": {"uv": [7, 6, 9, 11], "texture": "#3"},
				"west": {"uv": [7, 6, 9, 11], "texture": "#3"},
				"up": {"uv": [7, 6, 9, 8], "texture": "#3"}
			}
		}
	],
	"display": {
		"thirdperson_righthand": {
			"rotation": [75, -135, 0],
			"translation": [0, 2.5, 2.25],
			"scale": [0.375, 0.375, 0.375]
		},
		"thirdperson_lefthand": {
			"rotation": [75, -135, 0],
			"translation": [0, 2.5, 2.25],
			"scale": [0.375, 0.375, 0.375]
		},
		"firstperson_righthand": {
			"rotation": [0, -135, 0],
			"translation": [0, 3.25, 0],
			"scale": [0.4, 0.4, 0.4]
		},
		"firstperson_lefthand": {
			"rotation": [0, 225, 0],
			"translation": [0, 3.25, 0],
			"scale": [0.4, 0.4, 0.4]
		},
		"ground": {
			"rotation": [0, 180, 0],
			"translation": [0, 3, 0],
			"scale": [0.25, 0.25, 0.25]
		},
		"gui": {
			"rotation": [30, -135, 0],
			"translation": [0, 2.5, 0],
			"scale": [0.625, 0.625, 0.625]
		},
		"head": {
			"rotation": [0, 180, 0],
			"translation": [0, 13.25, 0]
		},
		"fixed": {
			"rotation": [-90, 180, 0],
			"translation": [0, 0, -3],
			"scale": [0.5, 0.5, 0.5]
		}
	},
	"groups": [
		0,
		1,
		{
			"name": "Torch",
			"origin": [0, 0, 0],
			"color": 0,
			"children": [2, 3]
		},
		{
			"name": "Tube1",
			"origin": [0, 0, 0],
			"color": 0,
			"children": [4, 5]
		},
		{
			"name": "Tube2",
			"origin": [0, 0, 0],
			"color": 0,
			"children": [6, 7]
		}
	]
}