{
    "credit": "Made by @vexxel with Blockbench - https://github.com/vexxel",
    "parent": "tfc:block/groundcover/template/ore_0",
    "textures": {
      "texture": "tfc_ie_addon:item/ore/small_bauxite",
      "alert": "tfc_ie_addon:block/groundcover/ore/alert_ore_bauxite"
    },
    "elements": [
      {
        "from": [
          8,
          0,
          6
        ],
        "to": [
          10,
          1,
          8
        ],
        "rotation": {
          "angle": 0,
          "axis": "y",
          "origin": [
            8,
            0,
            6
          ]
        },
        "faces": {
          "north": {
            "uv": [
              8,
              5,
              10,
              6
            ],
            "texture": "#texture"
          },
          "east": {
            "uv": [
              6,
              10,
              8,
              11
            ],
            "texture": "#texture"
          },
          "west": {
            "uv": [
              4,
              11,
              6,
              12
            ],
            "texture": "#texture"
          },
          "up": {
            "uv": [
              8,
              4,
              10,
              6
            ],
            "texture": "#texture"
          },
          "down": {
            "uv": [
              8,
              8,
              10,
              10
            ],
            "texture": "#texture"
          }
        }
      },
      {
        "from": [
          7,
          0,
          8
        ],
        "to": [
          10,
          1,
          10
        ],
        "rotation": {
          "angle": 0,
          "axis": "y",
          "origin": [
            8,
            0,
            8
          ]
        },
        "faces": {
          "north": {
            "uv": [
              8,
              6,
              11,
              7
            ],
            "texture": "#texture"
          },
          "east": {
            "uv": [
              8,
              10,
              10,
              11
            ],
            "texture": "#texture"
          },
          "south": {
            "uv": [
              6,
              10,
              9,
              11
            ],
            "texture": "#texture"
          },
          "west": {
            "uv": [
              8,
              9,
              10,
              10
            ],
            "texture": "#texture"
          },
          "up": {
            "uv": [
              6,
              7,
              9,
              9
            ],
            "texture": "#texture"
          },
          "down": {
            "uv": [
              7,
              10,
              10,
              12
            ],
            "texture": "#texture"
          }
        }
      },
      {
        "name": "alert",
        "from": [
          7,
          7,
          7
        ],
        "to": [
          9,
          9,
          9
        ],
        "shade": false,
        "rotation": {
          "angle": 0,
          "axis": "y",
          "origin": [
            15,
            23,
            15
          ]
        },
        "faces": {
          "north": {
            "uv": [
              2,
              0,
              4,
              2
            ],
            "texture": "#alert",
            "cullface": "up"
          },
          "east": {
            "uv": [
              2,
              0,
              4,
              2
            ],
            "texture": "#alert",
            "cullface": "up"
          },
          "south": {
            "uv": [
              2,
              0,
              4,
              2
            ],
            "texture": "#alert",
            "cullface": "up"
          },
          "west": {
            "uv": [
              2,
              0,
              4,
              2
            ],
            "texture": "#alert",
            "cullface": "up"
          },
          "up": {
            "uv": [
              2,
              0,
              4,
              2
            ],
            "texture": "#alert",
            "cullface": "up"
          },
          "down": {
            "uv": [
              2,
              0,
              4,
              2
            ],
            "texture": "#alert",
            "cullface": "up"
          }
        }
      },
      {
        "name": "alert",
        "from": [
          7,
          10,
          7
        ],
        "to": [
          9,
          15,
          9
        ],
        "shade": false,
        "rotation": {
          "angle": 0,
          "axis": "y",
          "origin": [
            15,
            27,
            15
          ]
        },
        "faces": {
          "north": {
            "uv": [
              0,
              0,
              2,
              5
            ],
            "texture": "#alert",
            "cullface": "up"
          },
          "east": {
            "uv": [
              0,
              0,
              2,
              5
            ],
            "texture": "#alert",
            "cullface": "up"
          },
          "south": {
            "uv": [
              0,
              0,
              2,
              5
            ],
            "texture": "#alert",
            "cullface": "up"
          },
          "west": {
            "uv": [
              0,
              0,
              2,
              5
            ],
            "texture": "#alert",
            "cullface": "up"
          },
          "up": {
            "uv": [
              2,
              0,
              4,
              2
            ],
            "texture": "#alert",
            "cullface": "up"
          },
          "down": {
            "uv": [
              2,
              0,
              4,
              2
            ],
            "texture": "#alert",
            "cullface": "up"
          }
        }
      },
      {
        "name": "alert",
        "from": [
          7,
          8.001,
          7
        ],
        "to": [
          9,
          10.001,
          9
        ],
        "shade": false,
        "rotation": {
          "angle": 0,
          "axis": "y",
          "origin": [
            15,
            24,
            15
          ]
        },
        "faces": {
          "north": {
            "uv": [
              6,
              0,
              8,
              2
            ],
            "texture": "#alert",
            "cullface": "up"
          },
          "east": {
            "uv": [
              6,
              0,
              8,
              2
            ],
            "texture": "#alert",
            "cullface": "up"
          },
          "south": {
            "uv": [
              6,
              0,
              8,
              2
            ],
            "texture": "#alert",
            "cullface": "up"
          },
          "west": {
            "uv": [
              6,
              0,
              8,
              2
            ],
            "texture": "#alert",
            "cullface": "up"
          },
          "up": {
            "uv": [
              6,
              0,
              8,
              2
            ],
            "texture": "#alert",
            "cullface": "up"
          },
          "down": {
            "uv": [
              6,
              0,
              8,
              2
            ],
            "texture": "#alert",
            "cullface": "up"
          }
        }
      },
      {
        "name": "alert",
        "from": [
          7,
          11,
          7
        ],
        "to": [
          9,
          16,
          9
        ],
        "shade": false,
        "rotation": {
          "angle": 0,
          "axis": "y",
          "origin": [
            15,
            28,
            15
          ]
        },
        "faces": {
          "north": {
            "uv": [
              4,
              0,
              6,
              5
            ],
            "texture": "#alert",
            "cullface": "up"
          },
          "east": {
            "uv": [
              4,
              0,
              6,
              5
            ],
            "texture": "#alert",
            "cullface": "up"
          },
          "south": {
            "uv": [
              4,
              0,
              6,
              5
            ],
            "texture": "#alert",
            "cullface": "up"
          },
          "west": {
            "uv": [
              4,
              0,
              6,
              5
            ],
            "texture": "#alert",
            "cullface": "up"
          },
          "up": {
            "uv": [
              6,
              0,
              8,
              2
            ],
            "texture": "#alert",
            "cullface": "up"
          },
          "down": {
            "uv": [
              6,
              0,
              8,
              2
            ],
            "texture": "#alert",
            "cullface": "up"
          }
        }
      }
    ]
  }