{
  "credit": "Made with Blockbench",
  "textures": {
    "0": "tfc:item/ore/normal_bismuthinite",
    "particle": "tfc:item/ore/normal_bismuthinite",
    "alert": "tfc:block/alert_ore_bismuthinite"
  },
  "elements": [
    {
      "from": [
        7,
        0,
        6
      ],
      "to": [
        12,
        1,
        9
      ],
      "faces": {
        "north": {
          "uv": [
            6,
            12,
            11,
            13
          ],
          "texture": "#0"
        },
        "east": {
          "uv": [
            7,
            6,
            10,
            7
          ],
          "texture": "#0"
        },
        "south": {
          "uv": [
            6,
            7,
            11,
            8
          ],
          "texture": "#0"
        },
        "west": {
          "uv": [
            9,
            5,
            12,
            6
          ],
          "texture": "#0"
        },
        "up": {
          "uv": [
            6,
            6,
            11,
            9
          ],
          "texture": "#0"
        },
        "down": {
          "uv": [
            6,
            9,
            11,
            12
          ],
          "texture": "#0",
          "cullface": "down"
        }
      }
    },
    {
      "from": [
        7,
        1,
        6
      ],
      "to": [
        11,
        2,
        8
      ],
      "faces": {
        "north": {
          "uv": [
            6,
            12,
            10,
            13
          ],
          "texture": "#0"
        },
        "east": {
          "uv": [
            7,
            6,
            9,
            7
          ],
          "texture": "#0"
        },
        "south": {
          "uv": [
            6,
            7,
            10,
            8
          ],
          "texture": "#0"
        },
        "west": {
          "uv": [
            9,
            5,
            11,
            6
          ],
          "texture": "#0"
        },
        "up": {
          "uv": [
            8,
            4,
            12,
            6
          ],
          "texture": "#0"
        }
      }
    },
    {
      "from": [
        6,
        0,
        5
      ],
      "to": [
        7,
        1,
        8
      ],
      "faces": {
        "north": {
          "uv": [
            6,
            12,
            7,
            13
          ],
          "texture": "#0"
        },
        "south": {
          "uv": [
            6,
            7,
            7,
            8
          ],
          "texture": "#0"
        },
        "west": {
          "uv": [
            9,
            5,
            12,
            6
          ],
          "texture": "#0"
        },
        "up": {
          "uv": [
            7,
            6,
            8,
            9
          ],
          "texture": "#0"
        },
        "down": {
          "uv": [
            6,
            9,
            7,
            12
          ],
          "texture": "#0",
          "cullface": "down"
        }
      }
    },
    {
      "from": [
        7,
        0,
        5
      ],
      "to": [
        9,
        1,
        6
      ],
      "faces": {
        "north": {
          "uv": [
            6,
            12,
            8,
            13
          ],
          "texture": "#0"
        },
        "east": {
          "uv": [
            7,
            6,
            8,
            7
          ],
          "texture": "#0"
        },
        "up": {
          "uv": [
            10,
            5,
            12,
            6
          ],
          "texture": "#0"
        },
        "down": {
          "uv": [
            6,
            9,
            8,
            10
          ],
          "texture": "#0",
          "cullface": "down"
        }
      }
    },
    {
      "from": [
        9,
        0,
        9
      ],
      "to": [
        11,
        1,
        10
      ],
      "faces": {
        "east": {
          "uv": [
            7,
            6,
            8,
            7
          ],
          "texture": "#0"
        },
        "south": {
          "uv": [
            6,
            7,
            8,
            8
          ],
          "texture": "#0"
        },
        "west": {
          "uv": [
            9,
            5,
            10,
            6
          ],
          "texture": "#0"
        },
        "up": {
          "uv": [
            6,
            6,
            8,
            7
          ],
          "texture": "#0"
        },
        "down": {
          "uv": [
            6,
            9,
            8,
            10
          ],
          "texture": "#0",
          "cullface": "down"
        }
      }
    },
    {
      "name": "alert",
      "from": [
        7,
        7,
        7
      ],
      "to": [
        9,
        9,
        9
      ],
      "shade": false,
      "rotation": {
        "angle": 0,
        "axis": "y",
        "origin": [
          15,
          23,
          15
        ]
      },
      "faces": {
        "north": {
          "uv": [
            2,
            0,
            4,
            2
          ],
          "texture": "#alert",
          "cullface": "up"
        },
        "east": {
          "uv": [
            2,
            0,
            4,
            2
          ],
          "texture": "#alert",
          "cullface": "up"
        },
        "south": {
          "uv": [
            2,
            0,
            4,
            2
          ],
          "texture": "#alert",
          "cullface": "up"
        },
        "west": {
          "uv": [
            2,
            0,
            4,
            2
          ],
          "texture": "#alert",
          "cullface": "up"
        },
        "up": {
          "uv": [
            2,
            0,
            4,
            2
          ],
          "texture": "#alert",
          "cullface": "up"
        },
        "down": {
          "uv": [
            2,
            0,
            4,
            2
          ],
          "texture": "#alert",
          "cullface": "up"
        }
      }
    },
    {
      "name": "alert",
      "from": [
        7,
        10,
        7
      ],
      "to": [
        9,
        15,
        9
      ],
      "shade": false,
      "rotation": {
        "angle": 0,
        "axis": "y",
        "origin": [
          15,
          27,
          15
        ]
      },
      "faces": {
        "north": {
          "uv": [
            0,
            0,
            2,
            5
          ],
          "texture": "#alert",
          "cullface": "up"
        },
        "east": {
          "uv": [
            0,
            0,
            2,
            5
          ],
          "texture": "#alert",
          "cullface": "up"
        },
        "south": {
          "uv": [
            0,
            0,
            2,
            5
          ],
          "texture": "#alert",
          "cullface": "up"
        },
        "west": {
          "uv": [
            0,
            0,
            2,
            5
          ],
          "texture": "#alert",
          "cullface": "up"
        },
        "up": {
          "uv": [
            2,
            0,
            4,
            2
          ],
          "texture": "#alert",
          "cullface": "up"
        },
        "down": {
          "uv": [
            2,
            0,
            4,
            2
          ],
          "texture": "#alert",
          "cullface": "up"
        }
      }
    },
    {
      "name": "alert",
      "from": [
        7,
        8.001,
        7
      ],
      "to": [
        9,
        10.001,
        9
      ],
      "shade": false,
      "rotation": {
        "angle": 0,
        "axis": "y",
        "origin": [
          15,
          24,
          15
        ]
      },
      "faces": {
        "north": {
          "uv": [
            6,
            0,
            8,
            2
          ],
          "texture": "#alert",
          "cullface": "up"
        },
        "east": {
          "uv": [
            6,
            0,
            8,
            2
          ],
          "texture": "#alert",
          "cullface": "up"
        },
        "south": {
          "uv": [
            6,
            0,
            8,
            2
          ],
          "texture": "#alert",
          "cullface": "up"
        },
        "west": {
          "uv": [
            6,
            0,
            8,
            2
          ],
          "texture": "#alert",
          "cullface": "up"
        },
        "up": {
          "uv": [
            6,
            0,
            8,
            2
          ],
          "texture": "#alert",
          "cullface": "up"
        },
        "down": {
          "uv": [
            6,
            0,
            8,
            2
          ],
          "texture": "#alert",
          "cullface": "up"
        }
      }
    },
    {
      "name": "alert",
      "from": [
        7,
        11,
        7
      ],
      "to": [
        9,
        16,
        9
      ],
      "shade": false,
      "rotation": {
        "angle": 0,
        "axis": "y",
        "origin": [
          15,
          28,
          15
        ]
      },
      "faces": {
        "north": {
          "uv": [
            4,
            0,
            6,
            5
          ],
          "texture": "#alert",
          "cullface": "up"
        },
        "east": {
          "uv": [
            4,
            0,
            6,
            5
          ],
          "texture": "#alert",
          "cullface": "up"
        },
        "south": {
          "uv": [
            4,
            0,
            6,
            5
          ],
          "texture": "#alert",
          "cullface": "up"
        },
        "west": {
          "uv": [
            4,
            0,
            6,
            5
          ],
          "texture": "#alert",
          "cullface": "up"
        },
        "up": {
          "uv": [
            6,
            0,
            8,
            2
          ],
          "texture": "#alert",
          "cullface": "up"
        },
        "down": {
          "uv": [
            6,
            0,
            8,
            2
          ],
          "texture": "#alert",
          "cullface": "up"
        }
      }
    }
  ]
}