{
  "credit": "Made with Blockbench",
  "textures": {
    "0": "tfc:item/ore/normal_cassiterite",
    "particle": "tfc:item/ore/normal_cassiterite",
    "alert": "tfc:block/alert_ore_cassiterite"
  },
  "elements": [
    {
      "from": [
        8,
        0,
        6
      ],
      "to": [
        10,
        1,
        9
      ],
      "rotation": {
        "angle": 0,
        "axis": "y",
        "origin": [
          16,
          8,
          16
        ]
      },
      "faces": {
        "north": {
          "uv": [
            11,
            7,
            13,
            9
          ],
          "texture": "#0"
        },
        "east": {
          "uv": [
            4,
            5,
            7,
            7
          ],
          "texture": "#0"
        },
        "south": {
          "uv": [
            8,
            8,
            10,
            9
          ],
          "texture": "#0"
        },
        "west": {
          "uv": [
            4,
            6,
            7,
            8
          ],
          "texture": "#0"
        },
        "up": {
          "uv": [
            5,
            6,
            7,
            9
          ],
          "texture": "#0"
        },
        "down": {
          "uv": [
            10,
            10,
            12,
            13
          ],
          "texture": "#0",
          "cullface": "down"
        }
      }
    },
    {
      "from": [
        6,
        0,
        5
      ],
      "to": [
        8,
        2,
        8
      ],
      "rotation": {
        "angle": 0,
        "axis": "y",
        "origin": [
          14,
          8,
          15
        ]
      },
      "faces": {
        "north": {
          "uv": [
            11,
            7,
            13,
            9
          ],
          "texture": "#0"
        },
        "east": {
          "uv": [
            4,
            5,
            7,
            7
          ],
          "texture": "#0"
        },
        "south": {
          "uv": [
            8,
            8,
            10,
            10
          ],
          "texture": "#0"
        },
        "west": {
          "uv": [
            4,
            6,
            7,
            8
          ],
          "texture": "#0"
        },
        "up": {
          "uv": [
            9,
            4,
            11,
            7
          ],
          "texture": "#0"
        },
        "down": {
          "uv": [
            10,
            10,
            12,
            13
          ],
          "texture": "#0",
          "cullface": "down"
        }
      }
    },
    {
      "from": [
        5,
        0,
        8
      ],
      "to": [
        8,
        1,
        10
      ],
      "rotation": {
        "angle": 0,
        "axis": "y",
        "origin": [
          14,
          8,
          18
        ]
      },
      "faces": {
        "north": {
          "uv": [
            11,
            7,
            13,
            9
          ],
          "texture": "#0"
        },
        "east": {
          "uv": [
            4,
            5,
            7,
            7
          ],
          "texture": "#0"
        },
        "south": {
          "uv": [
            8,
            8,
            11,
            9
          ],
          "texture": "#0"
        },
        "west": {
          "uv": [
            4,
            6,
            7,
            8
          ],
          "texture": "#0"
        },
        "up": {
          "uv": [
            9,
            7,
            12,
            9
          ],
          "texture": "#0"
        },
        "down": {
          "uv": [
            10,
            10,
            12,
            13
          ],
          "texture": "#0",
          "cullface": "down"
        }
      }
    },
    {
      "name": "alert",
      "from": [
        7,
        7,
        7
      ],
      "to": [
        9,
        9,
        9
      ],
      "shade": false,
      "rotation": {
        "angle": 0,
        "axis": "y",
        "origin": [
          15,
          23,
          15
        ]
      },
      "faces": {
        "north": {
          "uv": [
            2,
            0,
            4,
            2
          ],
          "texture": "#alert",
          "cullface": "up"
        },
        "east": {
          "uv": [
            2,
            0,
            4,
            2
          ],
          "texture": "#alert",
          "cullface": "up"
        },
        "south": {
          "uv": [
            2,
            0,
            4,
            2
          ],
          "texture": "#alert",
          "cullface": "up"
        },
        "west": {
          "uv": [
            2,
            0,
            4,
            2
          ],
          "texture": "#alert",
          "cullface": "up"
        },
        "up": {
          "uv": [
            2,
            0,
            4,
            2
          ],
          "texture": "#alert",
          "cullface": "up"
        },
        "down": {
          "uv": [
            2,
            0,
            4,
            2
          ],
          "texture": "#alert",
          "cullface": "up"
        }
      }
    },
    {
      "name": "alert",
      "from": [
        7,
        10,
        7
      ],
      "to": [
        9,
        15,
        9
      ],
      "shade": false,
      "rotation": {
        "angle": 0,
        "axis": "y",
        "origin": [
          15,
          27,
          15
        ]
      },
      "faces": {
        "north": {
          "uv": [
            0,
            0,
            2,
            5
          ],
          "texture": "#alert",
          "cullface": "up"
        },
        "east": {
          "uv": [
            0,
            0,
            2,
            5
          ],
          "texture": "#alert",
          "cullface": "up"
        },
        "south": {
          "uv": [
            0,
            0,
            2,
            5
          ],
          "texture": "#alert",
          "cullface": "up"
        },
        "west": {
          "uv": [
            0,
            0,
            2,
            5
          ],
          "texture": "#alert",
          "cullface": "up"
        },
        "up": {
          "uv": [
            2,
            0,
            4,
            2
          ],
          "texture": "#alert",
          "cullface": "up"
        },
        "down": {
          "uv": [
            2,
            0,
            4,
            2
          ],
          "texture": "#alert",
          "cullface": "up"
        }
      }
    },
    {
      "name": "alert",
      "from": [
        7,
        8.001,
        7
      ],
      "to": [
        9,
        10.001,
        9
      ],
      "shade": false,
      "rotation": {
        "angle": 0,
        "axis": "y",
        "origin": [
          15,
          24,
          15
        ]
      },
      "faces": {
        "north": {
          "uv": [
            6,
            0,
            8,
            2
          ],
          "texture": "#alert",
          "cullface": "up"
        },
        "east": {
          "uv": [
            6,
            0,
            8,
            2
          ],
          "texture": "#alert",
          "cullface": "up"
        },
        "south": {
          "uv": [
            6,
            0,
            8,
            2
          ],
          "texture": "#alert",
          "cullface": "up"
        },
        "west": {
          "uv": [
            6,
            0,
            8,
            2
          ],
          "texture": "#alert",
          "cullface": "up"
        },
        "up": {
          "uv": [
            6,
            0,
            8,
            2
          ],
          "texture": "#alert",
          "cullface": "up"
        },
        "down": {
          "uv": [
            6,
            0,
            8,
            2
          ],
          "texture": "#alert",
          "cullface": "up"
        }
      }
    },
    {
      "name": "alert",
      "from": [
        7,
        11,
        7
      ],
      "to": [
        9,
        16,
        9
      ],
      "shade": false,
      "rotation": {
        "angle": 0,
        "axis": "y",
        "origin": [
          15,
          28,
          15
        ]
      },
      "faces": {
        "north": {
          "uv": [
            4,
            0,
            6,
            5
          ],
          "texture": "#alert",
          "cullface": "up"
        },
        "east": {
          "uv": [
            4,
            0,
            6,
            5
          ],
          "texture": "#alert",
          "cullface": "up"
        },
        "south": {
          "uv": [
            4,
            0,
            6,
            5
          ],
          "texture": "#alert",
          "cullface": "up"
        },
        "west": {
          "uv": [
            4,
            0,
            6,
            5
          ],
          "texture": "#alert",
          "cullface": "up"
        },
        "up": {
          "uv": [
            6,
            0,
            8,
            2
          ],
          "texture": "#alert",
          "cullface": "up"
        },
        "down": {
          "uv": [
            6,
            0,
            8,
            2
          ],
          "texture": "#alert",
          "cullface": "up"
        }
      }
    }
  ]
}